package,number,created,closed,author
pyart,17,2013-01-31T04:35:08Z,2013-05-30T15:09:36Z,scollis
pyart,51,2013-04-27T05:58:48Z,2013-04-30T15:15:12Z,josephhardinee
pyart,52,2013-04-27T06:00:28Z,2013-04-27T21:17:43Z,josephhardinee
pyart,57,2013-05-01T19:34:16Z,2013-05-01T19:40:43Z,scollis
pyart,59,2013-05-01T19:45:03Z,2013-05-01T20:00:58Z,scollis
pyart,60,2013-05-03T04:29:09Z,2013-10-28T23:28:09Z,josephhardinee
pyart,64,2013-05-20T20:27:20Z,2013-05-20T20:38:14Z,scollis
pyart,70,2013-07-12T20:30:58Z,2013-07-17T19:44:13Z,kirknorth
pyart,74,2013-07-17T11:58:27Z,2013-07-29T14:12:58Z,scollis
pyart,81,2013-08-13T22:24:58Z,2013-08-26T15:33:02Z,scollis
pyart,90,2013-10-28T23:29:55Z,2013-10-29T18:15:30Z,josephhardinee
pyart,92,2013-10-31T14:33:24Z,2014-03-07T20:14:56Z,nguy
pyart,94,2013-11-07T05:09:12Z,2013-11-19T16:35:34Z,kirknorth
pyart,95,2013-11-07T14:17:50Z,2013-11-19T22:37:49Z,kmuehlbauer
pyart,97,2013-11-08T15:18:10Z,2013-11-19T22:37:49Z,jjhelmus
pyart,98,2013-11-08T17:12:45Z,2013-11-19T22:37:49Z,jjhelmus
pyart,99,2013-11-08T17:15:37Z,2013-11-19T22:37:49Z,jjhelmus
pyart,100,2013-11-13T19:23:00Z,2015-08-07T20:17:19Z,kirknorth
pyart,101,2013-11-14T22:17:00Z,2013-12-11T22:10:53Z,kirknorth
pyart,105,2013-11-21T22:28:59Z,2014-01-09T18:38:15Z,jjhelmus
pyart,107,2013-11-22T16:17:49Z,2015-12-11T16:49:20Z,kirknorth
pyart,109,2013-12-11T19:49:54Z,2014-01-16T19:24:12Z,kirknorth
pyart,111,2013-12-12T21:16:08Z,2013-12-17T16:46:39Z,josephhardinee
pyart,112,2013-12-13T10:48:16Z,2014-01-09T18:44:12Z,kirknorth
pyart,119,2014-01-23T17:23:43Z,2015-06-09T15:14:45Z,kirknorth
pyart,125,2014-02-18T17:46:27Z,,scollis
pyart,127,2014-03-13T15:13:45Z,2020-03-26T20:43:58Z,jjhelmus
pyart,128,2014-03-13T15:21:38Z,2014-09-11T19:07:09Z,jjhelmus
pyart,129,2014-03-13T15:25:25Z,2022-11-07T17:07:08Z,jjhelmus
pyart,130,2014-03-13T15:27:29Z,2015-01-13T21:04:16Z,jjhelmus
pyart,131,2014-03-13T15:29:01Z,2017-06-26T14:12:14Z,jjhelmus
pyart,138,2014-03-27T21:10:43Z,2015-04-24T17:11:22Z,jjhelmus
pyart,140,2014-03-27T23:21:03Z,2015-06-09T15:21:54Z,kirknorth
pyart,141,2014-03-28T22:13:08Z,2014-09-11T19:03:12Z,scollis
pyart,142,2014-03-31T20:03:03Z,2014-04-02T22:35:50Z,kirknorth
pyart,144,2014-04-01T06:14:20Z,2014-06-11T08:22:58Z,josephhardinee
pyart,146,2014-04-01T18:12:55Z,2017-03-21T04:57:20Z,miaoneng
pyart,148,2014-04-04T14:26:52Z,2014-09-15T16:54:35Z,arthurcts
pyart,152,2014-04-07T20:46:57Z,2016-01-18T20:01:18Z,jjhelmus
pyart,153,2014-04-08T16:38:59Z,2014-04-08T18:22:49Z,kirknorth
pyart,156,2014-05-13T17:30:34Z,2014-09-25T03:27:20Z,scollis
pyart,159,2014-05-29T23:27:57Z,2014-05-30T23:55:00Z,josephhardinee
pyart,161,2014-06-11T08:24:43Z,2014-06-12T03:50:08Z,josephhardinee
pyart,172,2014-06-23T18:35:43Z,2014-11-05T19:54:23Z,seberry2
pyart,176,2014-06-30T19:16:01Z,2022-11-07T17:07:38Z,kirknorth
pyart,177,2014-07-01T01:30:10Z,2015-06-09T15:27:56Z,kirknorth
pyart,182,2014-09-03T21:54:40Z,2020-03-26T20:45:13Z,kirknorth
pyart,185,2014-09-11T12:42:55Z,2014-09-11T22:15:35Z,scollis
pyart,186,2014-09-11T22:17:28Z,2015-09-30T21:14:46Z,josephhardinee
pyart,188,2014-09-21T19:09:19Z,2014-09-22T17:53:18Z,scollis
pyart,193,2014-10-02T14:12:37Z,2015-01-13T21:25:17Z,swnesbitt
pyart,194,2014-10-16T13:21:27Z,2014-11-05T19:52:18Z,tjlang
pyart,197,2014-10-30T19:46:19Z,2014-10-31T15:53:04Z,nguy
pyart,198,2014-10-31T14:35:42Z,2015-01-13T21:36:06Z,jjhelmus
pyart,201,2014-11-04T22:02:43Z,2015-08-19T21:42:25Z,jjhelmus
pyart,204,2014-11-05T19:40:28Z,,jjhelmus
pyart,207,2014-11-10T15:43:11Z,2014-11-15T01:12:10Z,tjlang
pyart,209,2014-11-14T02:37:56Z,2014-11-21T15:36:09Z,scollis
pyart,213,2014-12-12T16:26:21Z,2014-12-12T17:09:12Z,nguy
pyart,215,2014-12-16T02:19:52Z,2015-01-13T21:07:32Z,rvalenzuelar
pyart,226,2015-01-16T22:54:27Z,2015-01-19T19:41:42Z,jjhelmus
pyart,230,2015-01-21T19:51:20Z,2015-01-21T23:13:31Z,kirknorth
pyart,236,2015-02-03T16:17:52Z,,kirknorth
pyart,238,2015-02-05T15:15:56Z,2015-08-25T23:21:34Z,jjhelmus
pyart,239,2015-02-05T16:32:57Z,2015-02-16T18:10:45Z,rvalenzuelar
pyart,240,2015-02-11T15:00:06Z,2016-08-22T21:25:26Z,jjhelmus
pyart,242,2015-02-17T20:44:37Z,2022-11-07T17:09:54Z,jjhelmus
pyart,243,2015-02-17T21:04:28Z,,jjhelmus
pyart,244,2015-02-20T00:45:55Z,2015-06-22T17:36:26Z,nguy
pyart,246,2015-03-02T22:35:22Z,2015-11-25T15:17:46Z,jjhelmus
pyart,247,2015-03-02T22:37:07Z,2015-11-25T15:17:46Z,jjhelmus
pyart,248,2015-03-03T01:44:37Z,2015-08-04T18:10:30Z,tjlang
pyart,251,2015-03-12T18:53:46Z,2015-03-16T19:32:47Z,jjhelmus
pyart,252,2015-03-12T19:00:54Z,2022-11-07T17:11:51Z,jjhelmus
pyart,253,2015-03-12T19:48:22Z,2015-08-06T15:21:17Z,jjhelmus
pyart,257,2015-03-24T01:27:09Z,2015-03-27T01:25:26Z,scollis
pyart,268,2015-03-31T14:12:40Z,2015-03-31T17:22:36Z,tjlang
pyart,270,2015-03-31T20:58:31Z,2022-03-09T22:56:34Z,kirknorth
pyart,278,2015-04-07T18:22:23Z,2015-08-06T13:38:21Z,gamaanderson
pyart,281,2015-04-16T19:54:25Z,2017-07-13T16:53:50Z,kirknorth
pyart,282,2015-04-20T14:11:51Z,2015-06-09T15:35:55Z,scollis
pyart,285,2015-04-24T16:02:25Z,2015-12-11T16:49:20Z,jjhelmus
pyart,287,2015-05-03T12:34:52Z,2015-05-07T13:57:09Z,swnesbitt
pyart,294,2015-05-15T21:49:21Z,2016-02-03T20:57:22Z,scollis
pyart,298,2015-05-19T08:24:32Z,2015-05-20T16:39:33Z,qwe14789cn
pyart,299,2015-05-19T21:11:15Z,2015-05-21T15:28:48Z,WeatherGod
pyart,300,2015-05-20T14:47:11Z,2015-05-20T18:26:36Z,seberry2
pyart,302,2015-05-20T19:35:52Z,2015-05-20T21:44:49Z,jjhelmus
pyart,304,2015-05-20T20:26:23Z,2015-05-21T15:29:03Z,jjhelmus
pyart,311,2015-06-03T22:42:28Z,2024-05-14T15:15:25Z,josephhardinee
pyart,318,2015-06-09T19:24:49Z,2015-08-24T22:43:23Z,jjhelmus
pyart,321,2015-06-19T13:11:04Z,2020-03-26T20:52:18Z,gamaanderson
pyart,325,2015-06-25T03:06:42Z,2015-06-26T13:34:28Z,deeplycloudy
pyart,328,2015-07-09T18:56:04Z,2015-10-01T18:21:57Z,jjhelmus
pyart,329,2015-07-09T19:04:53Z,2015-08-04T21:17:15Z,jjhelmus
pyart,335,2015-07-21T22:50:25Z,2016-01-08T14:50:01Z,nguy
pyart,341,2015-07-30T20:13:22Z,2015-09-01T16:16:09Z,codypiersall
pyart,343,2015-08-04T16:17:12Z,2022-03-11T15:55:39Z,jjhelmus
pyart,345,2015-08-04T20:20:57Z,2020-03-26T20:51:45Z,jjhelmus
pyart,347,2015-08-05T20:51:18Z,2015-10-01T18:21:57Z,jjhelmus
pyart,349,2015-08-06T18:51:21Z,2017-07-13T16:44:20Z,jjhelmus
pyart,350,2015-08-06T18:55:51Z,,jjhelmus
pyart,351,2015-08-06T19:38:50Z,2015-08-10T16:38:10Z,jjhelmus
pyart,352,2015-08-06T20:33:14Z,2016-01-18T20:01:18Z,seberry2
pyart,355,2015-08-11T18:56:54Z,2015-08-11T19:45:09Z,seberry2
pyart,356,2015-08-11T21:44:36Z,2022-11-07T17:15:11Z,scollis
pyart,364,2015-08-28T20:57:36Z,2016-02-04T16:34:36Z,nguy
pyart,366,2015-09-01T15:07:04Z,2020-03-26T20:49:43Z,jjhelmus
pyart,367,2015-09-01T15:19:22Z,2015-09-08T14:54:47Z,deeplycloudy
pyart,371,2015-09-06T11:33:27Z,2015-09-08T19:35:04Z,gamaanderson
pyart,375,2015-09-11T15:29:36Z,2016-02-16T19:37:46Z,jjhelmus
pyart,379,2015-09-22T18:42:27Z,2015-10-09T20:16:48Z,jjhelmus
pyart,381,2015-09-24T14:45:59Z,2015-09-24T16:22:39Z,jjhelmus
pyart,384,2015-09-24T17:49:42Z,2015-09-24T18:24:45Z,tjlang
pyart,386,2015-09-24T21:05:49Z,2016-02-05T22:03:17Z,jjhelmus
pyart,389,2015-10-01T14:43:37Z,2020-03-26T20:47:51Z,swnesbitt
pyart,390,2015-10-01T16:23:41Z,2022-09-26T14:55:21Z,jjhelmus
pyart,393,2015-10-05T18:21:20Z,2015-10-05T18:54:47Z,jjhelmus
pyart,398,2015-10-09T16:07:25Z,2015-10-27T21:15:01Z,jjhelmus
pyart,407,2015-10-23T21:26:36Z,2024-05-17T17:58:03Z,jjhelmus
pyart,412,2015-10-28T19:54:38Z,2016-01-15T15:33:57Z,jjhelmus
pyart,413,2015-10-28T19:56:31Z,2016-01-15T15:33:57Z,jjhelmus
pyart,414,2015-10-28T22:13:21Z,2015-10-29T17:05:11Z,jjhelmus
pyart,415,2015-10-29T16:31:51Z,2015-10-29T17:29:30Z,jwilk88
pyart,418,2015-11-02T21:55:14Z,2016-02-02T17:58:47Z,gamaanderson
pyart,421,2015-11-04T16:55:09Z,2015-11-05T15:06:16Z,oue
pyart,423,2015-11-05T15:04:53Z,2022-11-03T18:25:41Z,jjhelmus
pyart,424,2015-11-05T18:26:58Z,2015-11-05T19:06:41Z,bdolan44
pyart,428,2015-11-13T15:58:43Z,2022-11-09T20:04:11Z,habipyesilyurt
pyart,429,2015-11-16T15:49:13Z,2015-11-16T17:01:56Z,jjhelmus
pyart,431,2015-11-18T15:19:16Z,2016-02-03T20:57:22Z,miaoneng
pyart,432,2015-11-24T14:37:00Z,2015-11-24T15:50:45Z,josephhardinee
pyart,435,2015-12-10T18:13:33Z,2022-11-07T17:17:42Z,nguy
pyart,436,2015-12-11T16:51:04Z,2022-03-11T15:50:10Z,jjhelmus
pyart,440,2015-12-14T09:53:48Z,2015-12-14T18:45:48Z,tanelv
pyart,442,2015-12-14T21:38:15Z,2024-06-20T16:45:35Z,jjhelmus
pyart,443,2015-12-15T16:50:49Z,2015-12-15T17:28:34Z,jjhelmus
pyart,445,2015-12-17T10:48:11Z,2016-06-13T17:35:59Z,joshua-wx
pyart,448,2016-01-06T01:21:52Z,2016-01-19T16:28:50Z,candidobugarin
pyart,450,2016-01-08T14:36:49Z,2016-09-14T22:28:54Z,scollis
pyart,451,2016-01-08T17:40:02Z,2016-01-19T17:00:16Z,nguy
pyart,458,2016-01-22T00:06:29Z,2016-01-22T20:14:31Z,nguy
pyart,461,2016-01-26T17:14:23Z,2016-01-26T17:34:23Z,josephhardinee
pyart,462,2016-01-26T17:27:54Z,2024-05-16T14:06:58Z,jjhelmus
pyart,474,2016-02-03T21:22:37Z,,jjhelmus
pyart,476,2016-02-04T16:47:13Z,2022-11-03T18:47:22Z,jjhelmus
pyart,478,2016-02-04T20:46:13Z,2016-03-16T18:41:23Z,swnesbitt
pyart,483,2016-02-10T20:16:10Z,2020-03-26T20:29:42Z,swnesbitt
pyart,484,2016-02-11T04:21:42Z,2016-06-13T17:36:05Z,joshua-wx
pyart,487,2016-02-17T20:59:04Z,2016-08-17T14:46:07Z,nphoban
pyart,492,2016-03-02T00:38:35Z,2017-07-13T16:27:30Z,Rumpkie
pyart,496,2016-03-07T18:30:55Z,2016-03-07T20:00:06Z,jjhelmus
pyart,499,2016-03-10T20:51:26Z,2016-03-10T22:19:19Z,jacaicedob
pyart,500,2016-03-12T19:32:37Z,2016-03-23T20:56:50Z,candidobugarin
pyart,503,2016-03-16T17:45:23Z,2016-03-17T17:22:24Z,jjhelmus
pyart,505,2016-03-17T15:42:35Z,2024-05-16T14:54:11Z,jjhelmus
pyart,509,2016-03-20T20:54:18Z,2016-03-23T21:57:08Z,kirknorth
pyart,515,2016-04-05T22:58:30Z,2024-05-16T14:05:40Z,kirknorth
pyart,516,2016-04-06T18:02:51Z,2016-04-13T19:56:12Z,mvanlierwalq
pyart,517,2016-04-09T16:16:40Z,2016-06-22T19:46:18Z,gamaanderson
pyart,520,2016-04-14T18:42:23Z,2020-03-26T20:52:50Z,scollis
pyart,525,2016-04-26T07:20:42Z,2016-04-26T10:06:18Z,bhick001
pyart,526,2016-05-04T17:23:44Z,2016-05-09T15:42:48Z,jjhelmus
pyart,530,2016-05-10T23:46:27Z,2016-05-11T17:37:04Z,joshua-wx
pyart,533,2016-05-17T20:09:41Z,2016-05-17T20:36:37Z,swnesbitt
pyart,534,2016-05-18T06:18:05Z,2016-05-20T15:02:19Z,kmuehlbauer
pyart,537,2016-05-20T19:05:56Z,2016-06-07T19:25:25Z,dstex
pyart,545,2016-06-10T03:15:12Z,2016-06-13T18:28:17Z,joshua-wx
pyart,550,2016-06-30T19:03:43Z,,jjhelmus
pyart,551,2016-06-30T19:50:55Z,2022-09-26T14:56:04Z,jjhelmus
pyart,552,2016-07-02T16:24:33Z,2016-07-05T19:59:01Z,jzbontar
pyart,556,2016-07-26T17:32:30Z,2016-08-03T18:28:24Z,jjhelmus
pyart,557,2016-07-26T23:19:53Z,2016-08-03T18:35:06Z,chudlerk
pyart,564,2016-08-08T19:50:33Z,2016-08-08T21:49:44Z,nguy
pyart,566,2016-08-09T15:57:14Z,2022-11-03T18:31:38Z,rrniii
pyart,571,2016-08-15T17:00:22Z,2016-08-17T14:41:21Z,jjhelmus
pyart,573,2016-08-16T09:36:24Z,2016-08-17T16:13:08Z,yogeshkkolte
pyart,581,2016-08-23T00:49:50Z,2016-08-23T14:47:43Z,scollis
pyart,584,2016-08-29T15:24:41Z,2016-08-29T20:07:44Z,jacaicedob
pyart,587,2016-09-06T15:47:32Z,2018-05-22T13:32:07Z,jjhelmus
pyart,589,2016-09-13T04:25:34Z,2016-09-13T15:11:57Z,vlouf
pyart,591,2016-09-14T08:26:36Z,2016-09-14T18:19:27Z,meteoswiss-mdr
pyart,592,2016-09-14T08:28:49Z,2016-09-14T18:19:27Z,meteoswiss-mdr
pyart,597,2016-09-19T06:06:51Z,,meteoswiss-mdr
pyart,599,2016-09-29T15:04:11Z,2017-06-19T21:55:21Z,scollis
pyart,600,2016-10-06T15:02:31Z,2016-10-17T17:23:30Z,mrugna
pyart,601,2016-10-07T19:36:27Z,2016-10-12T16:05:59Z,srbrodzik
pyart,606,2016-10-14T02:37:05Z,2016-10-14T16:00:22Z,kirknorth
pyart,609,2016-10-14T22:58:13Z,2016-10-20T15:20:47Z,srbrodzik
pyart,615,2016-10-24T19:13:41Z,2016-10-26T16:08:56Z,gamaanderson
pyart,621,2016-11-18T20:09:30Z,2016-11-21T17:25:16Z,normbw
pyart,624,2016-11-25T20:33:25Z,2017-02-02T17:21:36Z,troyofathens
pyart,628,2016-12-24T22:49:12Z,2017-07-13T16:25:30Z,miaoneng
pyart,629,2017-01-31T03:42:16Z,2017-02-02T15:01:56Z,vlouf
pyart,633,2017-02-09T14:49:43Z,2017-06-20T15:03:53Z,scollis
pyart,636,2017-03-01T00:43:04Z,2017-03-01T17:25:30Z,vlouf
pyart,641,2017-03-13T13:46:56Z,2022-03-09T23:00:11Z,Rumpkie
pyart,642,2017-03-20T12:24:59Z,2019-04-25T18:19:28Z,Rumpkie
pyart,643,2017-03-21T18:40:16Z,2017-07-13T16:24:10Z,scollis
pyart,644,2017-03-27T13:20:11Z,2017-06-19T21:58:37Z,scollis
pyart,646,2017-04-10T22:16:29Z,2017-06-19T22:39:16Z,ucrkarthik
pyart,649,2017-05-02T21:09:56Z,2017-05-31T04:47:42Z,swnesbitt
pyart,652,2017-05-19T17:37:11Z,,nguy
pyart,654,2017-05-23T06:11:21Z,2024-05-14T16:26:39Z,vlouf
pyart,655,2017-05-23T09:02:22Z,2017-06-26T14:10:50Z,tanelv
pyart,657,2017-06-07T04:44:07Z,2018-05-22T13:31:34Z,vlouf
pyart,658,2017-06-12T18:25:04Z,,gamaanderson
pyart,659,2017-06-14T18:17:18Z,2017-06-19T21:52:06Z,maahn
pyart,664,2017-06-21T15:24:06Z,2017-06-23T16:07:22Z,zssherman
pyart,666,2017-06-29T10:50:56Z,2022-03-09T21:25:44Z,kmuehlbauer
pyart,669,2017-07-07T18:25:32Z,2017-07-09T18:14:15Z,Weiming-Hu
pyart,670,2017-07-13T18:30:04Z,,scollis
pyart,671,2017-07-14T20:10:33Z,2017-07-25T13:37:49Z,scollis
pyart,677,2017-08-02T01:27:41Z,2019-04-25T18:17:05Z,vlouf
pyart,678,2017-08-03T13:28:03Z,2017-08-03T15:44:12Z,kenpryor67
pyart,679,2017-08-22T21:11:57Z,2017-08-23T13:39:52Z,tjlang
pyart,680,2017-08-26T08:15:22Z,2018-03-22T03:27:39Z,bugsuse
pyart,681,2017-08-28T13:51:52Z,2022-11-07T17:20:40Z,nguy
pyart,682,2017-08-28T18:54:29Z,2018-05-22T13:26:51Z,swnesbitt
pyart,684,2017-09-04T14:04:41Z,2018-02-13T16:26:44Z,scollis
pyart,685,2017-09-14T13:18:05Z,2022-11-03T18:44:05Z,tjlang
pyart,686,2017-09-20T18:03:40Z,2018-04-04T14:23:50Z,swnesbitt
pyart,689,2017-09-29T14:14:36Z,2022-03-09T23:02:23Z,meteoswiss-mdr
pyart,690,2017-09-29T22:43:28Z,2018-02-13T16:25:28Z,pjmarinescu
pyart,691,2017-10-13T12:51:05Z,2017-10-13T13:36:14Z,scollis
pyart,694,2017-10-30T01:09:49Z,2020-06-12T16:17:09Z,vlouf
pyart,695,2017-10-31T13:36:45Z,2024-05-16T14:02:26Z,tanelv
pyart,696,2018-01-16T14:50:21Z,2020-03-26T20:25:52Z,hhuangwx
pyart,699,2018-01-17T18:05:37Z,2018-01-18T01:31:10Z,scollis
pyart,701,2018-01-17T18:30:28Z,2018-04-04T14:22:04Z,scollis
pyart,703,2018-01-17T22:46:15Z,2018-04-11T15:16:17Z,scollis
pyart,708,2018-02-05T12:48:00Z,2018-02-21T21:11:36Z,meteoswiss-mdr
pyart,712,2018-02-21T21:14:01Z,2019-04-25T18:10:06Z,scollis
pyart,713,2018-02-22T20:55:09Z,2018-03-01T20:55:26Z,scollis
pyart,714,2018-02-22T22:57:44Z,2018-02-22T23:11:05Z,swnesbitt
pyart,717,2018-03-07T19:48:49Z,2020-03-26T20:23:19Z,mhpicel
pyart,718,2018-03-12T20:43:52Z,,deeplycloudy
pyart,719,2018-03-18T11:59:13Z,,winash12
pyart,720,2018-03-25T19:08:41Z,2018-04-03T15:52:25Z,swnesbitt
pyart,722,2018-03-29T16:40:06Z,2018-04-03T15:06:45Z,kmuehlbauer
pyart,725,2018-04-04T16:59:41Z,2018-04-11T15:17:21Z,zssherman
pyart,726,2018-04-10T13:05:52Z,2018-04-11T20:16:51Z,meteoswiss-mdr
pyart,732,2018-04-23T12:03:43Z,2024-05-15T19:56:30Z,paltube
pyart,737,2018-05-14T19:40:53Z,2022-03-11T15:57:24Z,ryangooch
pyart,738,2018-05-15T01:35:08Z,2018-05-22T13:21:43Z,vlouf
pyart,740,2018-05-18T08:48:27Z,2020-01-22T20:39:22Z,toddstellies
pyart,741,2018-05-18T13:51:12Z,2018-05-18T15:34:55Z,lovechang1986
pyart,742,2018-05-21T01:21:14Z,2018-05-22T13:40:52Z,zxdawn
pyart,743,2018-05-21T18:25:14Z,2019-04-25T18:15:19Z,scollis
pyart,747,2018-05-25T17:09:35Z,2019-07-24T17:10:26Z,rrniii
pyart,749,2018-06-01T02:15:16Z,2018-08-08T13:23:25Z,vlouf
pyart,751,2018-06-06T08:58:36Z,2018-06-07T01:55:06Z,YvZheng
pyart,753,2018-07-16T03:16:19Z,2019-04-05T21:30:29Z,robwarrenwx
pyart,756,2018-07-31T16:48:36Z,2018-08-03T18:41:03Z,nguy
pyart,759,2018-08-09T17:23:39Z,2022-03-14T21:28:29Z,scollis
pyart,760,2018-08-10T10:21:33Z,2018-09-27T03:33:26Z,Athenaplot
pyart,762,2018-08-22T16:47:23Z,2019-04-25T18:09:12Z,scollis
pyart,763,2018-08-23T14:05:14Z,2022-11-15T16:26:22Z,scollis
pyart,766,2018-09-06T15:24:56Z,2019-04-25T17:59:32Z,scollis
pyart,768,2018-09-19T18:36:17Z,2020-01-22T20:41:50Z,zssherman
pyart,771,2018-10-01T18:10:12Z,2018-10-01T18:28:21Z,Ilias2023
pyart,772,2018-10-02T18:17:11Z,2019-04-25T18:32:00Z,miaoneng
pyart,780,2018-11-05T03:55:52Z,2018-11-13T01:03:10Z,vlouf
pyart,782,2018-11-07T15:08:44Z,2018-11-07T19:32:24Z,scollis
pyart,785,2018-11-26T17:16:12Z,2020-01-22T21:41:52Z,nguy
pyart,788,2018-11-27T21:52:53Z,2018-11-28T16:54:03Z,scollis
pyart,797,2018-11-29T18:07:31Z,2019-04-25T17:48:40Z,scollis
pyart,805,2019-01-02T04:19:39Z,2019-04-25T17:49:25Z,henhen724
pyart,808,2019-01-25T03:34:54Z,2019-05-15T16:28:17Z,aschueth
pyart,810,2019-02-06T19:56:11Z,2019-10-01T21:21:07Z,rcjackson
pyart,813,2019-02-18T19:52:33Z,2022-03-11T15:44:37Z,atmosmattbrewer
pyart,814,2019-02-21T19:11:22Z,2022-03-11T16:06:19Z,scollis
pyart,815,2019-02-28T02:38:50Z,2022-11-07T17:22:18Z,kenpryor67
pyart,816,2019-02-28T06:23:09Z,2020-03-26T20:24:20Z,cycle13
pyart,819,2019-04-02T21:19:06Z,2019-04-03T19:45:12Z,swnesbitt
pyart,823,2019-04-08T21:01:55Z,2022-04-06T18:12:32Z,zssherman
pyart,825,2019-04-15T00:18:26Z,2020-01-30T17:51:22Z,CAM-Gerlach
pyart,826,2019-04-18T22:48:54Z,2020-01-22T20:26:45Z,louiswicker
pyart,829,2019-04-19T18:33:46Z,2019-12-18T16:38:30Z,dstex
pyart,830,2019-04-21T16:39:19Z,2022-03-11T15:42:29Z,miaoneng
pyart,839,2019-05-06T15:00:24Z,2019-05-07T15:59:53Z,zssherman
pyart,844,2019-05-09T18:26:23Z,2019-10-01T21:26:10Z,scollis
pyart,850,2019-06-12T20:41:24Z,2022-11-08T19:29:29Z,bdolan44
pyart,851,2019-07-05T09:46:59Z,,meteoswiss-mdr
pyart,853,2019-07-19T07:34:25Z,2019-07-24T17:09:58Z,zzwei1
pyart,854,2019-07-19T22:25:58Z,2020-01-22T20:46:25Z,huihuojia
pyart,855,2019-07-22T06:27:47Z,2022-03-16T16:41:31Z,zzwei1
pyart,857,2019-07-28T11:27:12Z,2019-07-28T11:37:52Z,meteoDaniel
pyart,858,2019-07-29T05:40:44Z,2022-11-03T18:34:01Z,mpichault
pyart,859,2019-07-31T02:29:14Z,2019-11-27T16:55:12Z,cycle13
pyart,861,2019-08-02T04:29:45Z,2020-05-19T21:06:32Z,guidodev
pyart,862,2019-08-07T00:35:05Z,2021-10-11T20:44:48Z,eshort0401
pyart,863,2019-08-08T05:25:53Z,2020-01-22T20:25:01Z,vlouf
pyart,866,2019-09-10T17:43:08Z,2019-10-01T21:14:25Z,saralytle
pyart,869,2019-10-02T16:22:02Z,2022-09-22T16:55:36Z,ashish755
pyart,870,2019-10-02T16:25:58Z,2020-01-22T20:31:45Z,Asishinuzuka
pyart,871,2019-10-14T01:45:26Z,2019-10-16T14:43:47Z,Kwonil-Kim
pyart,872,2019-10-18T11:47:35Z,2019-11-11T15:36:59Z,meteoswiss-mdr
pyart,874,2019-10-24T22:06:41Z,2019-10-29T22:01:21Z,zssherman
pyart,875,2019-10-25T15:57:48Z,2020-01-22T20:30:50Z,cachocomadreja
pyart,881,2019-11-15T15:37:33Z,2019-11-16T03:50:41Z,sysumeteo
pyart,882,2019-11-21T04:29:23Z,2020-01-22T21:18:11Z,aschueth
pyart,883,2019-11-22T02:02:50Z,,sysumeteo
pyart,884,2019-11-22T04:11:06Z,2024-05-16T14:57:36Z,sysumeteo
pyart,887,2019-12-21T08:48:56Z,2020-04-03T20:04:19Z,dopplershift
pyart,888,2019-12-25T06:19:04Z,2020-05-22T17:50:35Z,sysumeteo
pyart,894,2020-01-15T20:30:23Z,2020-01-16T19:51:04Z,salbenson
pyart,895,2020-01-16T01:29:41Z,2020-01-22T19:36:48Z,vlouf
pyart,897,2020-01-20T06:29:40Z,2020-01-22T19:35:59Z,vlouf
pyart,899,2020-01-22T15:31:40Z,2021-10-11T20:43:18Z,zssherman
pyart,900,2020-01-31T16:00:48Z,2020-01-31T18:06:11Z,lgaudet
pyart,901,2020-02-02T19:07:26Z,2020-02-20T18:16:33Z,tjturnage
pyart,904,2020-02-12T18:39:47Z,2022-11-09T16:09:29Z,allenea
pyart,905,2020-02-18T01:26:51Z,2020-02-18T19:13:10Z,jayavanth
pyart,906,2020-02-19T13:43:01Z,2020-03-18T19:56:34Z,jegehrin
pyart,908,2020-02-19T20:18:50Z,2020-03-18T19:56:14Z,simaberson
pyart,910,2020-03-03T21:26:36Z,2020-03-25T19:18:00Z,scollis
pyart,916,2020-03-23T19:06:08Z,2020-03-25T19:17:39Z,louiswicker
pyart,918,2020-03-25T17:05:18Z,2020-03-25T17:43:21Z,julienchastang
pyart,922,2020-04-01T21:16:07Z,2020-05-18T18:46:54Z,dcedgren
pyart,923,2020-04-01T21:28:17Z,2020-05-18T18:45:31Z,dcedgren
pyart,928,2020-04-10T18:07:28Z,2020-04-14T17:44:37Z,Craytor
pyart,930,2020-05-05T18:38:19Z,2020-05-22T17:50:04Z,cptmedic
pyart,931,2020-05-13T03:12:01Z,2024-05-15T21:06:01Z,joshua-wx
pyart,932,2020-05-18T03:05:06Z,2022-10-03T18:07:50Z,huyaox
pyart,933,2020-05-20T18:44:31Z,2022-11-22T15:34:32Z,dcedgren
pyart,935,2020-06-02T04:39:20Z,2020-06-02T05:14:46Z,LucasGood
pyart,936,2020-06-02T21:51:27Z,2020-06-03T19:19:35Z,wxwolff
pyart,939,2020-06-26T00:55:51Z,2020-07-01T14:35:58Z,VincentForcadell
pyart,940,2020-07-01T21:20:23Z,2021-10-11T20:42:47Z,swnesbitt
pyart,941,2020-07-02T15:40:36Z,2022-06-10T16:31:28Z,rrniii
pyart,942,2020-07-07T02:46:00Z,2020-07-24T09:13:27Z,cptmedic
pyart,943,2020-07-13T18:33:26Z,2022-11-03T18:28:20Z,rcjackson
pyart,951,2020-07-28T19:34:34Z,2022-03-14T21:28:59Z,kracwarlock
pyart,952,2020-08-03T18:04:50Z,,pedroaugustosmribeiro
pyart,953,2020-08-04T17:42:59Z,,jthielen
pyart,954,2020-08-14T18:50:01Z,2020-08-21T19:08:21Z,stinchy
pyart,955,2020-08-19T00:30:25Z,2021-10-11T20:40:41Z,vlouf
pyart,957,2020-08-21T18:44:19Z,2020-09-21T13:42:33Z,lauratomkins
pyart,958,2020-09-11T20:16:31Z,2020-11-11T23:45:49Z,guidodev
pyart,960,2020-09-17T03:14:38Z,,kurtsansom
pyart,961,2020-09-21T14:10:59Z,2020-10-12T20:58:15Z,lauratomkins
pyart,962,2020-09-28T15:44:19Z,2020-11-11T18:18:54Z,mwilson14
pyart,967,2020-12-09T22:21:55Z,2021-10-11T20:40:07Z,HumphreysCarter
pyart,968,2020-12-16T21:53:29Z,2020-12-17T17:26:34Z,dm0096
pyart,970,2020-12-30T20:34:42Z,2021-01-02T22:31:04Z,jaypotnis
pyart,971,2020-12-31T09:36:01Z,2021-10-11T19:17:50Z,mustafaalicelik
pyart,972,2021-01-05T17:55:02Z,2021-12-16T17:27:19Z,wxwolff
pyart,974,2021-01-06T18:16:57Z,2021-10-11T20:48:31Z,mwilson14
pyart,975,2021-01-08T00:46:29Z,2021-01-12T13:05:01Z,William0251
pyart,976,2021-01-17T18:23:54Z,,tjturnage
pyart,977,2021-02-18T18:10:28Z,2021-02-18T22:05:38Z,cclopes
pyart,980,2021-02-25T05:50:05Z,2021-05-13T08:39:51Z,syedhamidali
pyart,981,2021-03-02T09:38:20Z,2021-03-03T19:46:02Z,avishekray
pyart,982,2021-03-11T03:52:46Z,2021-04-20T00:54:27Z,vlouf
pyart,985,2021-03-20T07:40:48Z,2021-03-28T09:57:11Z,syedhamidali
pyart,986,2021-04-06T14:35:28Z,2021-10-11T20:51:16Z,rafatoshio
pyart,987,2021-04-10T08:38:30Z,2021-10-11T20:39:08Z,niguanne-coder
pyart,992,2021-05-19T17:41:23Z,2023-10-03T14:46:09Z,nawendt
pyart,993,2021-05-24T20:31:32Z,2021-05-25T01:41:12Z,amarouane-ABDELHAK
pyart,996,2021-05-26T16:40:52Z,2022-06-30T19:16:02Z,vgalligani
pyart,998,2021-06-09T06:55:49Z,,joshua-wx
pyart,1000,2021-07-03T11:51:28Z,2021-10-11T20:37:42Z,wangjin6912
pyart,1004,2021-07-27T17:37:27Z,2022-07-06T21:36:18Z,ReallyNiceGuy
pyart,1008,2021-09-03T09:27:19Z,2022-10-12T13:32:05Z,nomatter08
pyart,1011,2021-09-12T01:55:05Z,2021-09-13T15:18:09Z,syedhamidali
pyart,1012,2021-09-23T01:46:32Z,2021-09-23T03:06:55Z,wshn25
pyart,1013,2021-09-23T07:53:48Z,2021-12-16T17:26:22Z,wshn25
pyart,1015,2021-10-19T04:15:23Z,2022-03-04T22:30:06Z,wshn25
pyart,1016,2021-10-29T14:47:05Z,2021-12-16T17:26:45Z,664787022
pyart,1017,2021-11-04T18:12:47Z,2021-12-16T17:25:45Z,zssherman
pyart,1021,2021-11-19T19:59:48Z,,aschueth
pyart,1022,2021-11-23T15:17:21Z,,tanelv
pyart,1023,2021-12-02T10:09:06Z,2022-02-16T01:03:04Z,kmuehlbauer
pyart,1028,2022-01-02T06:44:54Z,2022-03-10T21:31:23Z,asiyats
pyart,1035,2022-02-22T21:17:29Z,2022-03-09T21:25:44Z,mgrover1
pyart,1036,2022-02-23T00:08:12Z,2022-03-11T16:17:58Z,jaypotnis
pyart,1037,2022-02-23T08:56:57Z,2022-02-23T09:01:29Z,Vforcell
pyart,1041,2022-02-28T14:37:58Z,2022-03-02T22:44:37Z,mgrover1
pyart,1042,2022-03-01T19:15:25Z,,zssherman
pyart,1052,2022-03-04T15:36:26Z,2022-06-23T20:52:12Z,scollis
pyart,1054,2022-03-04T19:01:54Z,2022-03-04T20:39:17Z,mgrover1
pyart,1062,2022-03-09T23:12:17Z,2022-03-10T00:06:22Z,mgrover1
pyart,1073,2022-03-14T21:19:41Z,2022-09-26T20:48:43Z,mgrover1
pyart,1078,2022-03-18T14:27:15Z,2022-03-18T19:18:23Z,wxwolff
pyart,1082,2022-03-21T19:25:16Z,,jrobrien91
pyart,1083,2022-03-21T20:06:38Z,2023-02-14T15:23:20Z,mgrover1
pyart,1086,2022-03-22T15:16:43Z,2022-06-10T16:28:27Z,scollis
pyart,1095,2022-04-01T18:49:42Z,2022-09-26T20:48:26Z,scollis
pyart,1102,2022-04-12T18:32:41Z,2022-04-14T22:29:22Z,mgrover1
pyart,1105,2022-04-12T20:31:44Z,2022-04-12T22:15:44Z,mgrover1
pyart,1114,2022-04-16T21:42:24Z,2022-04-19T00:12:00Z,jaypotnis
pyart,1142,2022-04-22T20:33:14Z,2022-05-10T20:15:04Z,rcjackson
pyart,1155,2022-05-05T19:36:32Z,2022-06-22T15:00:24Z,zssherman
pyart,1156,2022-05-06T18:29:22Z,2022-11-22T19:41:01Z,zssherman
pyart,1157,2022-05-09T14:56:18Z,2022-11-23T19:25:46Z,mgrover1
pyart,1159,2022-05-24T23:15:04Z,2022-06-21T22:45:29Z,mgrover1
pyart,1161,2022-05-25T22:00:35Z,2022-06-07T01:16:28Z,chudlerk
pyart,1162,2022-05-31T05:59:42Z,2022-05-31T19:10:14Z,srbrodzik
pyart,1165,2022-06-01T09:15:52Z,2022-06-03T14:15:45Z,srbrodzik
pyart,1168,2022-06-08T14:52:42Z,2022-06-08T14:53:05Z,mgrover1
pyart,1172,2022-06-11T00:14:46Z,2022-06-13T16:25:41Z,dopplerchase
pyart,1182,2022-06-22T19:42:32Z,2024-05-10T20:37:06Z,mgrover1
pyart,1186,2022-06-23T22:33:46Z,2022-06-24T13:56:39Z,wxbinge
pyart,1189,2022-06-29T16:27:49Z,2022-06-29T17:15:03Z,lauratomkins
pyart,1193,2022-07-05T21:19:48Z,2022-07-08T17:28:50Z,mgrover1
pyart,1194,2022-07-05T21:21:13Z,,mgrover1
pyart,1202,2022-07-14T06:16:59Z,2022-07-15T03:52:51Z,raffyjef
pyart,1203,2022-07-15T05:52:19Z,2022-07-18T14:21:10Z,raffyjef
pyart,1212,2022-07-19T21:01:47Z,2022-07-26T18:09:07Z,mgrover1
pyart,1217,2022-07-23T06:53:23Z,2022-07-25T12:51:57Z,azrellie
pyart,1224,2022-07-27T13:27:10Z,2022-09-26T15:07:35Z,mgrover1
pyart,1229,2022-08-03T13:43:43Z,2023-05-18T16:18:11Z,wolfidan
pyart,1238,2022-08-16T19:15:18Z,2022-08-16T22:59:26Z,mgrover1
pyart,1242,2022-08-17T20:36:35Z,2022-08-17T20:37:29Z,mvanlierwalq
pyart,1245,2022-08-17T21:07:02Z,2024-05-14T18:55:02Z,srbrodzik
pyart,1249,2022-08-24T12:14:13Z,2022-11-22T15:26:46Z,wxwolff
pyart,1250,2022-08-24T13:41:21Z,,mgrover1
pyart,1254,2022-08-30T23:47:51Z,,jrobrien91
pyart,1255,2022-08-31T08:05:59Z,2022-09-22T16:53:23Z,scollis
pyart,1256,2022-08-31T21:28:30Z,2022-09-12T21:39:47Z,westzhicanchen
pyart,1257,2022-09-12T09:55:23Z,2022-09-13T22:42:57Z,lsxlv
pyart,1260,2022-09-14T15:42:30Z,2022-11-08T14:49:43Z,mgrover1
pyart,1262,2022-09-15T16:37:12Z,,EWolffWX
pyart,1266,2022-09-21T18:27:26Z,2022-09-26T15:07:35Z,neutrinoceros
pyart,1268,2022-09-22T14:25:11Z,2022-09-22T14:50:55Z,nkay28
pyart,1272,2022-09-22T19:23:32Z,2022-09-23T16:48:38Z,chudlerk
pyart,1274,2022-09-23T17:07:49Z,,mgrover1
pyart,1282,2022-10-03T15:09:21Z,2022-10-03T16:32:25Z,mgrover1
pyart,1283,2022-10-03T15:11:23Z,2022-11-16T20:59:18Z,mgrover1
pyart,1293,2022-10-20T03:26:00Z,2022-11-07T17:18:26Z,mvanlierwalq
pyart,1297,2022-10-21T11:10:25Z,2022-11-03T15:57:17Z,jfigui
pyart,1298,2022-10-21T17:40:15Z,2022-10-21T18:17:15Z,mgrover1
pyart,1305,2022-10-28T13:05:26Z,2022-10-28T18:19:32Z,swatelet
pyart,1310,2022-11-01T15:47:51Z,2022-12-01T18:51:50Z,mgrover1
pyart,1320,2022-11-08T20:14:28Z,2022-11-16T19:19:58Z,mgrover1
pyart,1328,2022-11-21T15:06:40Z,2023-02-12T21:46:27Z,aladinor
pyart,1333,2022-11-22T15:49:15Z,2022-11-22T19:28:04Z,mgrover1
pyart,1336,2022-11-24T13:47:38Z,2022-11-26T02:03:19Z,tsbiscaro
pyart,1340,2022-12-05T18:22:28Z,2022-12-05T22:57:26Z,mgrover1
pyart,1344,2022-12-06T14:57:06Z,2024-03-06T21:01:02Z,mgrover1
pyart,1345,2022-12-06T15:36:59Z,2022-12-07T15:34:22Z,mgrover1
pyart,1352,2022-12-10T02:41:02Z,2022-12-10T04:21:55Z,kylejgillett
pyart,1354,2022-12-13T04:24:32Z,2022-12-14T20:53:07Z,mgrover1
pyart,1360,2022-12-20T14:19:07Z,2022-12-20T20:03:58Z,mgrover1
pyart,1362,2022-12-20T15:14:38Z,,mgrover1
pyart,1366,2023-01-03T18:46:28Z,2023-02-16T20:03:52Z,mgrover1
pyart,1367,2023-01-05T08:32:27Z,2023-01-05T14:04:58Z,captcha1
pyart,1368,2023-01-05T19:46:53Z,2023-01-05T21:22:06Z,mgrover1
pyart,1371,2023-01-06T19:39:55Z,2023-01-07T19:39:54Z,dopplershift
pyart,1373,2023-01-07T20:54:34Z,,mgrover1
pyart,1374,2023-01-12T21:29:50Z,2023-01-13T16:31:26Z,jtcarlin
pyart,1387,2023-02-14T14:52:43Z,2023-02-16T21:21:26Z,mgrover1
pyart,1389,2023-02-22T13:09:17Z,2023-02-22T17:42:12Z,Vforcell
pyart,1400,2023-03-16T15:48:02Z,2023-03-16T19:29:48Z,joshua-hampton
pyart,1403,2023-03-20T14:03:37Z,2023-03-20T14:17:10Z,gabrielcassol
pyart,1406,2023-03-23T15:31:58Z,2023-03-29T20:30:12Z,Ockenfuss
pyart,1408,2023-03-29T17:07:27Z,2023-05-03T18:47:35Z,Vforcell
pyart,1414,2023-04-10T17:51:58Z,,mgrover1
pyart,1415,2023-04-11T14:28:26Z,2023-04-12T17:50:46Z,mgrover1
pyart,1420,2023-04-14T17:04:21Z,2023-04-17T17:09:15Z,Vforcell
pyart,1422,2023-04-26T14:38:53Z,2023-04-26T18:21:28Z,mgrover1
pyart,1424,2023-04-29T04:19:11Z,,SteepAtticStairs
pyart,1426,2023-05-12T00:52:19Z,2023-05-17T15:37:44Z,CAM-Gerlach
pyart,1429,2023-05-20T14:48:22Z,2023-09-26T18:43:09Z,kylejgillett
pyart,1431,2023-05-31T07:11:53Z,2023-09-11T19:47:01Z,kmuehlbauer
pyart,1432,2023-06-01T14:33:41Z,2023-09-22T16:56:14Z,chenuanc
pyart,1435,2023-06-27T11:22:20Z,2023-09-22T16:55:39Z,jm5791
pyart,1439,2023-07-18T13:47:11Z,2023-07-20T14:23:25Z,mgrover1
pyart,1441,2023-07-31T13:04:29Z,2023-08-17T15:58:26Z,wolfidan
pyart,1449,2023-09-06T06:44:30Z,2023-09-08T18:31:08Z,December0w0
pyart,1460,2023-09-19T21:47:19Z,2023-09-20T19:20:01Z,stefano73-ilmeteo
pyart,1461,2023-09-20T13:38:23Z,2023-09-20T15:03:57Z,mgrover1
pyart,1467,2023-09-22T17:02:04Z,,zssherman
pyart,1480,2023-10-24T22:06:21Z,2023-10-30T22:58:17Z,zssherman
pyart,1481,2023-10-27T18:19:46Z,2023-11-02T13:14:29Z,swnesbitt
pyart,1488,2023-11-23T20:32:11Z,,nawendt
pyart,1491,2023-12-04T19:55:27Z,2023-12-07T20:33:54Z,isilber
pyart,1494,2023-12-08T16:09:42Z,2024-01-11T17:22:45Z,RBhupi
pyart,1498,2023-12-19T20:53:00Z,2024-01-18T15:14:21Z,isilber
pyart,1499,2023-12-20T16:21:39Z,2024-01-04T16:25:27Z,nawendt
pyart,1500,2024-01-01T03:14:49Z,2024-01-12T20:27:40Z,jaydonshi
pyart,1502,2024-01-03T19:17:42Z,2024-01-03T23:36:29Z,mgrover1
pyart,1505,2024-01-04T22:00:50Z,2024-01-10T22:48:16Z,mgrover1
pyart,1510,2024-01-26T13:44:31Z,2024-01-27T04:19:36Z,December0w0
pyart,1511,2024-01-29T16:44:56Z,2024-05-01T21:07:24Z,jaimeherriott
pyart,1513,2024-02-02T11:29:58Z,,megumillia
pyart,1516,2024-02-26T00:14:16Z,,alan-weatherradar
pyart,1517,2024-02-29T16:47:00Z,2024-02-29T17:09:37Z,mgrover1
pyart,1522,2024-03-06T17:41:33Z,,AdamTheisen
pyart,1523,2024-03-06T20:26:27Z,2024-03-06T21:00:35Z,mgrover1
pyart,1527,2024-03-08T22:51:07Z,2024-03-13T22:12:34Z,aamatthews
pyart,1531,2024-03-19T15:41:26Z,2024-03-20T19:31:35Z,evmpython
pyart,1533,2024-03-21T13:07:15Z,2024-05-15T19:57:01Z,HappyXiaoAnAn
pyart,1535,2024-03-25T13:38:41Z,2024-04-05T15:54:33Z,mgrover1
pyart,1536,2024-03-26T20:45:25Z,,rcjackson
pyart,1540,2024-04-03T18:44:13Z,2024-04-04T14:30:07Z,isilber
pyart,1543,2024-04-04T14:49:20Z,2024-04-04T17:51:58Z,mgrover1
pyart,1546,2024-04-05T12:12:00Z,2024-04-24T11:39:18Z,MohitDahliya
pyart,1548,2024-04-05T17:17:27Z,2024-04-11T13:28:45Z,isilber
pyart,1550,2024-04-05T19:16:39Z,2024-04-11T14:14:50Z,neutrinoceros
pyart,1553,2024-04-10T14:16:35Z,2024-06-21T13:31:08Z,waarmond
pyart,1558,2024-04-12T18:20:30Z,,mgrover1
pyart,1559,2024-04-12T20:02:30Z,,dopplerchase
pyart,1561,2024-04-15T16:14:30Z,2024-04-16T12:29:55Z,RBhupi
pyart,1565,2024-04-17T18:37:04Z,,mgrover1
pyart,1568,2024-04-24T14:59:10Z,2024-04-25T15:08:49Z,MohitDahliya
pyart,1582,2024-05-18T08:04:34Z,,decadeneo
pyart,1584,2024-05-21T06:06:39Z,2024-06-03T14:23:12Z,SquarerFive
pyart,1585,2024-05-22T03:33:01Z,,hanzhe910
pyart,1588,2024-05-28T13:20:14Z,2024-05-28T19:19:06Z,juhi24
pyart,1590,2024-05-29T00:00:13Z,2024-06-05T22:49:12Z,MaxMyzer
pyart,1592,2024-06-03T13:26:50Z,2024-06-04T18:20:10Z,MohitDahliya
pyart,1594,2024-06-04T21:05:08Z,,gewitterblitz
pyart,1599,2024-06-21T08:27:31Z,,jorahu
pyart,1602,2024-06-25T09:41:04Z,2024-06-25T16:38:47Z,neutrinoceros
pyart,1605,2024-06-25T15:37:12Z,2024-06-25T15:56:25Z,mgrover1
pyart,1608,2024-07-08T22:20:53Z,,RBhupi
pyart,1609,2024-07-09T22:14:35Z,2024-07-10T15:01:38Z,zssherman
ACT,3,2019-03-18T12:24:16Z,2020-08-21T13:49:06Z,rcjackson
ACT,6,2019-03-21T21:20:35Z,2021-01-27T20:55:10Z,rcjackson
ACT,8,2019-03-22T19:31:38Z,2019-11-06T13:46:21Z,kenkehoe
ACT,11,2019-03-24T10:47:57Z,2019-04-11T20:04:56Z,rcjackson
ACT,12,2019-03-25T16:00:13Z,2019-04-22T19:15:52Z,AdamTheisen
ACT,13,2019-03-25T16:22:10Z,2019-04-11T20:04:24Z,AdamTheisen
ACT,15,2019-03-27T15:16:16Z,2019-06-27T17:22:46Z,rcjackson
ACT,18,2019-04-02T20:48:44Z,2019-04-22T19:14:25Z,kenkehoe
ACT,23,2019-04-09T20:09:56Z,2019-04-22T21:34:12Z,rcjackson
ACT,25,2019-04-10T14:16:12Z,2019-04-22T21:02:58Z,rcjackson
ACT,28,2019-04-10T18:26:21Z,2019-06-27T17:23:16Z,AdamTheisen
ACT,29,2019-04-11T13:59:15Z,2019-06-27T17:31:47Z,AdamTheisen
ACT,36,2019-04-19T19:21:21Z,2019-04-22T21:34:30Z,rcjackson
ACT,37,2019-04-19T19:29:38Z,2020-04-13T11:15:41Z,rcjackson
ACT,38,2019-04-22T18:28:40Z,2019-04-24T14:10:39Z,kenkehoe
ACT,41,2019-04-22T23:03:22Z,2019-04-23T21:53:04Z,kenkehoe
ACT,45,2019-04-25T17:46:12Z,2019-06-27T17:32:59Z,AdamTheisen
ACT,49,2019-05-01T20:45:50Z,2019-05-08T14:54:41Z,AdamTheisen
ACT,51,2019-05-02T15:45:55Z,2019-06-27T19:44:14Z,kenkehoe
ACT,53,2019-05-08T14:59:13Z,2019-09-11T20:01:58Z,AdamTheisen
ACT,55,2019-05-08T18:06:10Z,2019-06-27T17:32:17Z,Trekev
ACT,57,2019-05-13T14:10:06Z,2022-11-16T03:22:28Z,AdamTheisen
ACT,62,2019-05-17T19:35:28Z,2022-11-01T19:19:07Z,kenkehoe
ACT,64,2019-05-21T16:42:56Z,2019-05-22T14:31:21Z,atkingtornado
ACT,67,2019-05-22T14:33:24Z,2022-11-14T17:07:19Z,AdamTheisen
ACT,72,2019-06-04T20:08:41Z,2020-08-25T16:34:33Z,rcjackson
ACT,75,2019-06-07T18:50:03Z,2019-07-10T01:49:07Z,kenkehoe
ACT,82,2019-07-10T16:46:47Z,2019-09-11T20:01:05Z,AdamTheisen
ACT,86,2019-07-18T16:01:31Z,2019-08-30T17:20:10Z,AdamTheisen
ACT,93,2019-07-29T16:29:44Z,2021-03-09T16:35:54Z,kenkehoe
ACT,101,2019-08-12T15:57:09Z,2019-09-06T14:19:29Z,AdamTheisen
ACT,109,2019-08-23T18:23:43Z,2019-09-11T20:00:42Z,kenkehoe
ACT,117,2019-09-09T15:22:46Z,2019-09-11T20:15:40Z,nhickmon
ACT,123,2019-09-17T16:24:59Z,2019-12-09T21:16:08Z,kenkehoe
ACT,125,2019-09-23T22:55:30Z,2020-04-09T20:13:36Z,kenkehoe
ACT,140,2019-10-16T13:09:05Z,2019-11-05T15:50:11Z,AdamTheisen
ACT,145,2019-11-05T15:54:22Z,2019-12-09T21:14:51Z,AdamTheisen
ACT,156,2019-12-10T19:43:30Z,2020-01-02T19:56:46Z,kenkehoe
ACT,159,2019-12-16T14:23:38Z,2019-12-23T23:04:51Z,AdamTheisen
ACT,160,2019-12-19T20:44:32Z,2020-05-29T20:41:40Z,jhemedin
ACT,163,2020-01-02T20:02:55Z,2023-11-29T21:12:08Z,AdamTheisen
ACT,164,2020-01-03T22:20:40Z,2020-01-08T20:19:26Z,cgodine
ACT,172,2020-01-08T19:39:22Z,2020-01-08T20:40:31Z,nhickmon
ACT,178,2020-01-22T23:08:21Z,2020-02-06T16:12:06Z,zssherman
ACT,181,2020-01-31T19:39:42Z,2020-02-20T21:46:47Z,kenkehoe
ACT,187,2020-02-12T21:56:37Z,2020-02-13T16:51:12Z,ajsockol
ACT,192,2020-02-19T22:44:02Z,2020-02-20T14:31:21Z,AdamTheisen
ACT,194,2020-02-20T17:57:53Z,2020-02-25T18:29:48Z,IreneCrisologo
ACT,206,2020-03-18T18:45:11Z,2020-05-29T20:39:32Z,AdamTheisen
ACT,207,2020-03-18T18:53:34Z,2020-08-25T16:34:25Z,AdamTheisen
ACT,210,2020-04-09T18:36:46Z,2020-06-05T00:00:24Z,kenkehoe
ACT,212,2020-04-10T15:37:51Z,2020-08-25T16:34:14Z,AdamTheisen
ACT,218,2020-05-26T16:54:12Z,2020-08-21T13:45:34Z,AdamTheisen
ACT,223,2020-06-04T18:33:18Z,2020-08-21T16:40:35Z,AdamTheisen
ACT,227,2020-06-25T18:16:29Z,2020-07-09T18:27:32Z,AdamTheisen
ACT,239,2020-08-16T18:45:40Z,2021-03-11T22:47:28Z,AdamTheisen
ACT,247,2020-08-28T15:55:14Z,2020-10-15T15:34:23Z,AdamTheisen
ACT,248,2020-08-28T17:25:26Z,2020-09-10T18:32:06Z,kenkehoe
ACT,252,2020-09-10T18:44:08Z,2021-03-05T16:40:00Z,kenkehoe
ACT,253,2020-09-10T18:46:18Z,2021-02-24T17:04:48Z,kenkehoe
ACT,255,2020-09-16T14:28:03Z,2021-06-17T16:38:42Z,AdamTheisen
ACT,274,2021-01-08T20:48:53Z,2021-02-18T01:43:35Z,kenkehoe
ACT,277,2021-01-21T21:23:04Z,2021-01-27T20:58:24Z,AdamTheisen
ACT,287,2021-02-19T02:47:27Z,2021-03-09T16:33:29Z,AdamTheisen
ACT,290,2021-02-25T17:53:30Z,2021-03-09T16:33:18Z,AdamTheisen
ACT,292,2021-03-04T22:21:00Z,2021-04-01T14:18:28Z,scollis
ACT,296,2021-03-10T20:36:59Z,2021-03-29T19:42:20Z,AdamTheisen
ACT,297,2021-03-11T17:50:17Z,2021-03-11T22:46:50Z,AdamTheisen
ACT,300,2021-03-18T16:05:02Z,2021-05-19T15:58:44Z,ajsockol
ACT,305,2021-04-01T14:19:28Z,2021-04-30T17:51:22Z,AdamTheisen
ACT,307,2021-04-02T14:49:22Z,2021-06-17T16:39:01Z,AdamTheisen
ACT,309,2021-04-07T19:02:51Z,2021-04-08T17:35:53Z,AdamTheisen
ACT,321,2021-05-06T15:23:07Z,2021-05-06T20:31:12Z,AdamTheisen
ACT,323,2021-05-06T18:05:49Z,2021-06-29T20:37:10Z,AdamTheisen
ACT,342,2021-06-29T02:03:58Z,2021-06-30T20:09:14Z,kenkehoe
ACT,345,2021-07-02T15:26:00Z,2021-10-21T18:35:59Z,kenkehoe
ACT,347,2021-07-12T17:32:03Z,2021-07-13T20:57:34Z,maxwelllevin
ACT,354,2021-07-23T15:39:08Z,2022-09-28T18:07:53Z,AdamTheisen
ACT,361,2021-10-06T19:08:41Z,2021-10-12T17:45:51Z,avarble
ACT,363,2021-10-14T20:15:34Z,2021-10-21T18:04:44Z,kenkehoe
ACT,366,2021-10-21T17:16:18Z,2022-03-10T16:52:53Z,zssherman
ACT,372,2021-12-14T16:49:57Z,2022-05-20T18:20:48Z,ajsockol
ACT,374,2022-01-05T17:57:31Z,2022-05-19T17:44:04Z,cgodine
ACT,378,2022-01-05T20:39:56Z,2022-01-07T18:29:01Z,zssherman
ACT,385,2022-01-17T14:17:02Z,2022-01-17T18:16:10Z,AdamTheisen
ACT,387,2022-02-01T04:51:56Z,2022-02-05T01:30:55Z,gg2
ACT,391,2022-02-18T06:31:42Z,2022-02-23T20:35:46Z,maxwelllevin
ACT,395,2022-02-21T21:30:15Z,2022-02-22T21:44:23Z,mgrover1
ACT,397,2022-02-21T22:48:23Z,2022-02-23T22:00:47Z,mgrover1
ACT,399,2022-02-23T16:50:14Z,2022-06-27T18:43:32Z,mgrover1
ACT,401,2022-02-23T20:24:45Z,2022-03-15T17:50:39Z,mgrover1
ACT,402,2022-03-01T22:47:21Z,2023-02-22T20:07:45Z,AdamTheisen
ACT,403,2022-03-02T21:48:17Z,2022-03-14T14:42:06Z,AdamTheisen
ACT,405,2022-03-03T15:17:31Z,2022-03-15T17:50:39Z,zssherman
ACT,408,2022-03-07T17:20:01Z,2022-03-07T21:22:52Z,kenkehoe
ACT,422,2022-03-22T15:31:37Z,2022-03-25T13:09:05Z,mgrover1
ACT,424,2022-03-22T16:31:47Z,2022-03-25T13:08:20Z,AdamTheisen
ACT,425,2022-03-22T16:32:38Z,2022-03-25T13:07:54Z,AdamTheisen
ACT,427,2022-03-23T13:52:55Z,2022-04-18T15:10:13Z,AdamTheisen
ACT,430,2022-03-23T18:53:09Z,2022-05-19T17:43:02Z,kenkehoe
ACT,431,2022-03-23T18:55:38Z,2022-06-06T17:24:35Z,kenkehoe
ACT,438,2022-03-28T21:08:14Z,2022-03-31T17:59:01Z,AdamTheisen
ACT,445,2022-04-04T23:11:16Z,2022-04-11T16:52:17Z,AdamTheisen
ACT,446,2022-04-12T14:11:28Z,2022-04-13T23:18:17Z,AdamTheisen
ACT,448,2022-04-20T16:01:55Z,2022-04-27T21:28:41Z,AdamTheisen
ACT,451,2022-04-24T22:06:14Z,2022-05-02T14:42:38Z,AdamTheisen
ACT,454,2022-04-27T21:19:49Z,2022-04-29T20:19:38Z,gg2
ACT,458,2022-05-04T14:35:48Z,2023-06-28T19:06:28Z,mgrover1
ACT,459,2022-05-05T18:44:09Z,2023-10-13T21:10:51Z,AdamTheisen
ACT,460,2022-05-05T18:45:11Z,2022-11-16T03:17:28Z,AdamTheisen
ACT,469,2022-05-27T19:10:44Z,2023-12-19T18:52:24Z,kenkehoe
ACT,470,2022-05-27T19:50:58Z,2023-12-04T19:36:22Z,mgrover1
ACT,472,2022-06-04T01:23:54Z,2022-06-27T15:07:48Z,AdamTheisen
ACT,477,2022-06-11T22:25:17Z,2022-06-22T01:59:46Z,AdamTheisen
ACT,482,2022-06-22T23:44:59Z,2022-06-23T19:36:57Z,gg2
ACT,486,2022-06-29T19:15:32Z,2023-06-28T19:01:32Z,mgrover1
ACT,487,2022-06-29T19:16:10Z,2022-11-15T19:13:00Z,AdamTheisen
ACT,489,2022-07-06T14:56:54Z,2022-07-08T15:21:10Z,mgrover1
ACT,491,2022-07-15T18:10:33Z,2022-07-25T17:52:25Z,AdamTheisen
ACT,493,2022-07-18T15:57:33Z,2022-07-25T14:27:51Z,mgrover1
ACT,499,2022-07-25T20:48:50Z,2022-07-26T15:41:18Z,mgrover1
ACT,502,2022-07-27T18:44:55Z,2022-08-23T19:20:00Z,AdamTheisen
ACT,509,2022-08-16T22:21:54Z,2022-08-17T19:12:21Z,zssherman
ACT,522,2022-09-07T15:54:45Z,2022-09-12T16:14:44Z,kenkehoe
ACT,523,2022-09-08T20:06:12Z,2022-09-09T16:33:38Z,kenkehoe
ACT,529,2022-09-16T15:16:50Z,2022-11-04T11:07:13Z,AdamTheisen
ACT,530,2022-09-19T19:32:32Z,2023-05-31T19:34:40Z,kenkehoe
ACT,532,2022-09-27T13:43:45Z,2022-11-04T13:23:58Z,AdamTheisen
ACT,533,2022-09-27T18:00:57Z,2022-09-29T14:48:36Z,zssherman
ACT,536,2022-09-28T18:12:47Z,2023-02-27T16:22:36Z,AdamTheisen
ACT,539,2022-10-07T22:57:24Z,2022-11-15T21:37:16Z,zssherman
ACT,541,2022-10-18T21:13:14Z,2022-11-15T18:37:07Z,kenkehoe
ACT,547,2022-11-01T17:57:53Z,2023-05-23T14:32:28Z,caghili
ACT,548,2022-11-01T18:01:22Z,2023-05-24T19:58:37Z,caghili
ACT,550,2022-11-03T18:16:20Z,2024-05-02T18:06:16Z,mgrover1
ACT,551,2022-11-03T18:48:03Z,2022-11-03T21:51:15Z,AdamTheisen
ACT,552,2022-11-03T19:54:39Z,2022-11-03T21:29:04Z,AdamTheisen
ACT,557,2022-11-07T21:31:20Z,2022-11-15T19:10:42Z,kenkehoe
ACT,564,2022-11-15T20:29:37Z,2022-11-18T19:34:01Z,kenkehoe
ACT,566,2022-11-16T16:52:19Z,2022-12-20T21:00:01Z,kenkehoe
ACT,570,2022-11-16T19:45:14Z,2023-01-27T19:51:47Z,zssherman
ACT,573,2022-11-17T19:21:32Z,2022-11-30T19:52:17Z,mgrover1
ACT,574,2022-11-17T19:23:46Z,2022-11-23T14:03:16Z,AdamTheisen
ACT,577,2022-11-18T20:07:11Z,2022-11-30T19:52:24Z,AdamTheisen
ACT,584,2022-12-01T18:29:54Z,2022-12-07T01:07:31Z,rcjackson
ACT,586,2022-12-02T17:17:22Z,2022-12-02T18:47:25Z,maxwelllevin
ACT,591,2022-12-13T15:45:39Z,2023-03-17T19:21:21Z,kenkehoe
ACT,592,2022-12-15T18:41:42Z,2022-12-16T18:55:37Z,AdamTheisen
ACT,593,2022-12-15T18:50:12Z,2022-12-16T21:17:04Z,ajsockol
ACT,597,2022-12-16T19:14:48Z,2023-10-13T21:09:43Z,AdamTheisen
ACT,601,2022-12-29T20:53:10Z,2023-01-27T19:49:49Z,AdamTheisen
ACT,604,2023-01-04T20:43:24Z,2023-02-09T19:08:54Z,AdamTheisen
ACT,606,2023-01-20T15:51:01Z,2023-03-21T17:10:21Z,Aifang-Zhou
ACT,607,2023-01-25T22:13:41Z,2023-03-21T17:07:59Z,mgrover1
ACT,609,2023-01-26T03:20:14Z,2023-01-26T15:52:28Z,zssherman
ACT,611,2023-01-26T21:55:42Z,2023-02-18T17:00:13Z,sophiaanr
ACT,614,2023-02-02T18:38:06Z,2023-02-07T13:07:39Z,mgrover1
ACT,618,2023-02-10T16:32:36Z,2023-02-15T15:47:38Z,Aifang-Zhou
ACT,619,2023-02-16T21:58:13Z,2023-03-10T18:41:28Z,zssherman
ACT,626,2023-02-23T19:16:46Z,2023-03-03T21:37:02Z,mgrover1
ACT,629,2023-03-09T15:41:35Z,2023-03-13T18:14:01Z,kenkehoe
ACT,631,2023-03-10T14:27:25Z,2023-04-14T15:23:43Z,AdamTheisen
ACT,633,2023-03-10T20:30:27Z,2023-03-10T21:11:37Z,mtuftedal
ACT,642,2023-03-18T14:31:02Z,2023-03-18T20:24:49Z,wxwolff
ACT,648,2023-03-28T02:27:56Z,2023-03-28T19:50:08Z,AdamTheisen
ACT,650,2023-03-29T14:47:19Z,2023-03-29T21:13:06Z,AdamTheisen
ACT,652,2023-04-03T16:00:05Z,2023-04-05T17:27:35Z,AdamTheisen
ACT,662,2023-04-20T20:58:10Z,2023-04-26T20:32:53Z,mtuftedal
ACT,674,2023-05-12T20:52:02Z,2023-05-12T21:19:11Z,mgrover1
ACT,679,2023-05-31T19:22:46Z,2023-06-15T22:12:01Z,jrobrien91
ACT,680,2023-05-31T19:34:45Z,2023-09-27T16:20:49Z,AdamTheisen
ACT,688,2023-06-19T01:39:20Z,2023-11-29T22:41:02Z,AdamTheisen
ACT,697,2023-07-07T14:23:03Z,2023-11-30T04:04:28Z,AdamTheisen
ACT,699,2023-07-19T21:11:42Z,2023-12-15T19:03:11Z,cgodine
ACT,702,2023-08-08T18:38:49Z,,jrobrien91
ACT,703,2023-08-08T22:08:51Z,,maxwelllevin
ACT,704,2023-08-16T20:39:38Z,2023-09-29T13:05:14Z,AdamTheisen
ACT,705,2023-08-24T15:30:05Z,2023-09-07T20:18:21Z,AdamTheisen
ACT,710,2023-09-21T18:52:53Z,2023-11-08T21:52:41Z,jrobrien91
ACT,718,2023-09-27T16:41:31Z,,jrobrien91
ACT,721,2023-10-09T12:37:59Z,2023-10-09T19:44:03Z,AdamTheisen
ACT,727,2023-10-09T19:45:37Z,2023-11-29T23:07:43Z,AdamTheisen
ACT,730,2023-10-11T17:57:46Z,2023-11-30T00:43:55Z,AdamTheisen
ACT,731,2023-10-11T18:05:47Z,2023-12-14T15:18:48Z,AdamTheisen
ACT,732,2023-10-11T18:38:02Z,2023-11-30T01:04:43Z,AdamTheisen
ACT,733,2023-10-11T18:49:52Z,2023-10-27T17:27:35Z,kenkehoe
ACT,738,2023-10-13T18:59:30Z,2023-11-07T21:04:32Z,AdamTheisen
ACT,744,2023-10-25T14:56:05Z,2023-11-08T18:48:44Z,dennyh-ssec
ACT,750,2023-11-08T21:23:28Z,2023-11-17T22:39:24Z,sgupta92
ACT,753,2023-11-16T19:03:50Z,2023-11-30T23:14:03Z,mgrover1
ACT,757,2023-11-21T23:25:25Z,2023-11-28T19:28:20Z,sgupta92
ACT,766,2023-12-08T22:41:38Z,2023-12-12T19:48:53Z,kenkehoe
ACT,767,2023-12-11T16:33:32Z,2023-12-11T21:29:08Z,AdamTheisen
ACT,768,2023-12-11T17:00:29Z,2024-02-16T17:12:42Z,AdamTheisen
ACT,772,2023-12-14T20:07:47Z,2024-01-23T22:55:20Z,AdamTheisen
ACT,773,2023-12-14T20:08:56Z,,AdamTheisen
ACT,774,2023-12-14T20:10:33Z,,AdamTheisen
ACT,781,2024-01-04T19:28:50Z,2024-02-28T19:56:46Z,AdamTheisen
ACT,784,2024-01-09T16:03:18Z,2024-01-31T19:37:51Z,AdamTheisen
ACT,787,2024-01-16T15:52:26Z,2024-01-19T22:14:07Z,mgrover1
ACT,793,2024-01-25T16:34:07Z,2024-01-31T19:47:27Z,kenkehoe
ACT,806,2024-02-28T20:16:36Z,,zssherman
ACT,814,2024-03-29T22:01:30Z,2024-04-02T19:23:13Z,zssherman
ACT,816,2024-04-02T19:51:47Z,2024-04-04T18:21:33Z,zssherman
ACT,821,2024-04-10T15:07:23Z,,AdamTheisen
ACT,829,2024-05-02T12:58:44Z,2024-05-07T18:45:01Z,AdamTheisen
ACT,833,2024-05-22T17:24:48Z,2024-05-22T20:26:57Z,rcjackson
ACT,836,2024-05-29T18:29:43Z,2024-06-05T14:46:49Z,AdamTheisen
ACT,838,2024-06-05T14:47:39Z,2024-07-03T13:26:55Z,kenkehoe
ACT,843,2024-07-05T18:15:49Z,,AdamTheisen
ACT,846,2024-07-19T17:49:09Z,,AdamTheisen
